setor,ano,taxa_mortalidade,obitos,vinculos
01 Agricultura e pecuária,2008,13.1139,183,1395464
01 Agricultura e pecuária,2009,11.9691,164,1370191
01 Agricultura e pecuária,2010,11.4043,159,1394211
01 Agricultura e pecuária,2011,11.9491,168,1405964
01 Agricultura e pecuária,2012,10.0524,145,1442448
01 Agricultura e pecuária,2013,10.9373,155,1417165
01 Agricultura e pecuária,2014,21.337,174,815487
01 Agricultura e pecuária,2015,10.3581,142,1370910
01 Agricultura e pecuária,2016,9.854,143,1451195
01 Agricultura e pecuária,2017,9.6467,141,1461633
01 Agricultura e pecuária,2018,9.9359,144,1449291
01 Agricultura e pecuária,2019,9.3446,135,1444685
02 Produção florestal,2008,12.341,16,129649
02 Produção florestal,2009,19.0801,20,104821
02 Produção florestal,2010,14.276,17,119081
02 Produção florestal,2011,12.263,16,130474
02 Produção florestal,2012,14.0732,18,127903
02 Produção florestal,2013,12.0974,14,115728
02 Produção florestal,2014,19.3357,20,103436
02 Produção florestal,2015,22.079,23,104172
02 Produção florestal,2016,11.2019,11,98197
02 Produção florestal,2017,20.7545,20,96365
02 Produção florestal,2018,14.1196,14,99153
02 Produção florestal,2019,17.8601,19,106382
07 Minerais metálicos,2008,19.9627,11,55103
07 Minerais metálicos,2009,29.2721,16,54660
07 Minerais metálicos,2010,22.401,14,62497
07 Minerais metálicos,2011,12.1589,9,74020
07 Minerais metálicos,2012,22.0144,19,86307
07 Minerais metálicos,2013,22.8828,21,91772
07 Minerais metálicos,2014,7.7833,7,89936
07 Minerais metálicos,2015,21.462,18,83869
07 Minerais metálicos,2016,10.1955,8,78466
07 Minerais metálicos,2017,10.0829,8,79342
07 Minerais metálicos,2018,12.3726,10,80824
07 Minerais metálicos,2019,242.6433,207,85310
08 Minerais não-metálicos (extr.),2008,35.1588,26,73950
08 Minerais não-metálicos (extr.),2009,28.7087,21,73148
08 Minerais não-metálicos (extr.),2010,31.2295,25,80052
08 Minerais não-metálicos (extr.),2011,32.4863,28,86190
08 Minerais não-metálicos (extr.),2012,32.2557,30,93007
08 Minerais não-metálicos (extr.),2013,32.4144,31,95636
08 Minerais não-metálicos (extr.),2014,44.6805,44,98477
08 Minerais não-metálicos (extr.),2015,22.4288,21,93629
08 Minerais não-metálicos (extr.),2016,17.2054,15,87182
08 Minerais não-metálicos (extr.),2017,16.0417,13,81039
08 Minerais não-metálicos (extr.),2018,23.3328,18,77145
08 Minerais não-metálicos (extr.),2019,21.4647,17,79200
10 Alimentos,2008,13.3433,171,1281543
10 Alimentos,2009,11.3938,146,1281401
10 Alimentos,2010,10.8789,151,1388013
10 Alimentos,2011,10.6421,154,1447087
10 Alimentos,2012,10.9733,163,1485421
10 Alimentos,2013,10.0986,151,1495261
10 Alimentos,2014,8.3339,128,1535890
10 Alimentos,2015,8.7599,142,1621025
10 Alimentos,2016,9.5827,151,1575756
10 Alimentos,2017,6.8004,107,1573447
10 Alimentos,2018,8.1133,128,1577665
10 Alimentos,2019,8.1426,131,1608821
11 Bebidas,2008,14.4526,15,103788
11 Bebidas,2009,17.8932,19,106186
11 Bebidas,2010,15.1399,17,112286
11 Bebidas,2011,11.764,14,119007
11 Bebidas,2012,9.0877,11,121043
11 Bebidas,2013,11.6511,15,128743
11 Bebidas,2014,11.4546,15,130952
11 Bebidas,2015,7.8885,10,126767
11 Bebidas,2016,8.3736,10,119423
11 Bebidas,2017,9.4972,11,115824
11 Bebidas,2018,2.6055,3,115143
11 Bebidas,2019,6.77,8,118169
13 Têxteis,2008,7.3069,22,301087
13 Têxteis,2009,4.1325,12,290380
13 Têxteis,2010,7.738,24,310158
13 Têxteis,2011,6.7663,21,310361
13 Têxteis,2012,5.4965,17,309288
13 Têxteis,2013,3.5256,11,312008
13 Têxteis,2014,4.8456,15,309560
13 Têxteis,2015,4.6063,13,282219
13 Têxteis,2016,4.3346,11,253769
13 Têxteis,2017,4.2967,11,256008
13 Têxteis,2018,8.0095,20,249705
13 Têxteis,2019,2.7952,7,250432
14 Confecção,2008,1.2971,8,616742
14 Confecção,2009,1.1157,7,627424
14 Confecção,2010,1.6222,11,678077
14 Confecção,2011,1.2648,9,711603
14 Confecção,2012,1.4094,10,709540
14 Confecção,2013,1.3944,10,717175
14 Confecção,2014,1.8252,13,712263
14 Confecção,2015,1.8123,12,662160
14 Confecção,2016,1.697,10,589283
14 Confecção,2017,1.2079,7,579504
14 Confecção,2018,1.4382,8,556233
14 Confecção,2019,1.2652,7,553276
15 Couro e calçados,2008,3.1219,13,416409
15 Couro e calçados,2009,2.5579,10,390947
15 Couro e calçados,2010,3.801,16,420944
15 Couro e calçados,2011,1.8087,8,442299
15 Couro e calçados,2012,3.9549,17,429844
15 Couro e calçados,2013,3.3299,14,420437
15 Couro e calçados,2014,1.9518,8,409870
15 Couro e calçados,2015,3.4757,13,374027
15 Couro e calçados,2016,3.4251,12,350359
15 Couro e calçados,2017,2.0031,7,349454
15 Couro e calçados,2018,1.7729,6,338425
15 Couro e calçados,2019,3.9206,13,331579
16 Madeira,2008,24.9476,49,196412
16 Madeira,2009,20.6757,37,178954
16 Madeira,2010,20.369,38,186558
16 Madeira,2011,21.9537,42,191312
16 Madeira,2012,27.7386,53,191070
16 Madeira,2013,20.4446,38,185868
16 Madeira,2014,19.8265,37,186619
16 Madeira,2015,14.6688,26,177247
16 Madeira,2016,12.4385,20,160791
16 Madeira,2017,18.0815,28,154854
16 Madeira,2018,20.0505,29,144635
16 Madeira,2019,21.161,31,146496
17 Celulose e papel,2008,11.222,17,151489
17 Celulose e papel,2009,7.9228,12,151462
17 Celulose e papel,2010,5.573,9,161494
17 Celulose e papel,2011,10.1811,17,166976
17 Celulose e papel,2012,8.2763,14,169157
17 Celulose e papel,2013,9.0382,16,177026
17 Celulose e papel,2014,6.0388,11,182155
17 Celulose e papel,2015,6.7446,12,177920
17 Celulose e papel,2016,7.0755,12,169599
17 Celulose e papel,2017,8.3076,14,168520
17 Celulose e papel,2018,8.5218,14,164284
17 Celulose e papel,2019,9.5608,16,167349
18 Impressão,2008,3.6286,4,110236
18 Impressão,2009,6.2999,7,111112
18 Impressão,2010,4.2599,5,117374
18 Impressão,2011,4.8641,6,123352
18 Impressão,2012,5.6051,7,124886
18 Impressão,2013,1.6305,2,122665
18 Impressão,2014,3.4271,4,116716
18 Impressão,2015,0.8514,1,117454
18 Impressão,2016,1.8605,2,107500
18 Impressão,2017,1.9604,2,102020
18 Impressão,2018,4.0302,4,99250
18 Impressão,2019,1.0223,1,97822
19 Coque e petróleo (deriv.),2008,16.7078,27,161601
19 Coque e petróleo (deriv.),2009,18.154,29,159744
19 Coque e petróleo (deriv.),2010,17.2683,29,167937
19 Coque e petróleo (deriv.),2011,14.4372,26,180090
19 Coque e petróleo (deriv.),2012,14.9548,28,187231
19 Coque e petróleo (deriv.),2013,12.7219,24,188651
19 Coque e petróleo (deriv.),2014,17.0618,31,181692
19 Coque e petróleo (deriv.),2015,13.9102,24,172535
19 Coque e petróleo (deriv.),2016,14.0203,22,156916
19 Coque e petróleo (deriv.),2017,12.6286,19,150453
19 Coque e petróleo (deriv.),2018,13.7004,20,145981
19 Coque e petróleo (deriv.),2019,7.4761,11,147135
20 Químicos,2008,14.5174,35,241089
20 Químicos,2009,10.2161,25,244711
20 Químicos,2010,10.8546,28,257956
20 Químicos,2011,8.8924,24,269893
20 Químicos,2012,7.5328,21,278781
20 Químicos,2013,9.4769,27,284904
20 Químicos,2014,10.7458,30,279179
20 Químicos,2015,8.8727,25,281763
20 Químicos,2016,8.8766,24,270373
20 Químicos,2017,6.3434,17,267994
20 Químicos,2018,9.4623,25,264206
20 Químicos,2019,5.5863,15,268516
21 Farmacêuticos,2008,7.218,6,83126
21 Farmacêuticos,2009,3.5666,3,84113
21 Farmacêuticos,2010,10.422,9,86356
21 Farmacêuticos,2011,6.8611,6,87449
21 Farmacêuticos,2012,5.4492,5,91756
21 Farmacêuticos,2013,4.1733,4,95848
21 Farmacêuticos,2014,6.9885,7,100164
21 Farmacêuticos,2015,1.9576,2,102168
21 Farmacêuticos,2016,3.9816,4,100461
21 Farmacêuticos,2017,5.0074,5,99853
21 Farmacêuticos,2018,2.9642,3,101206
21 Farmacêuticos,2019,3.8282,4,104488
22 Borracha e plástico,2008,8.6607,35,404125
22 Borracha e plástico,2009,4.3569,17,390186
22 Borracha e plástico,2010,6.8412,29,423902
22 Borracha e plástico,2011,6.2832,28,445630
22 Borracha e plástico,2012,5.2283,24,459043
22 Borracha e plástico,2013,7.2295,34,470297
22 Borracha e plástico,2014,5.6983,27,473827
22 Borracha e plástico,2015,7.2386,32,442073
22 Borracha e plástico,2016,6.7233,27,401589
22 Borracha e plástico,2017,4.2748,17,397676
22 Borracha e plástico,2018,5.5487,22,396488
22 Borracha e plástico,2019,5.1935,21,404350
23 Minerais não-metálicos (prod.),2008,20.0011,68,339981
23 Minerais não-metálicos (prod.),2009,15.8571,55,346848
23 Minerais não-metálicos (prod.),2010,21.1767,81,382495
23 Minerais não-metálicos (prod.),2011,17.5885,74,420730
23 Minerais não-metálicos (prod.),2012,17.6727,80,452676
23 Minerais não-metálicos (prod.),2013,17.5117,80,456838
23 Minerais não-metálicos (prod.),2014,13.2892,62,466543
23 Minerais não-metálicos (prod.),2015,12.8973,57,441951
23 Minerais não-metálicos (prod.),2016,12.6026,50,396744
23 Minerais não-metálicos (prod.),2017,12.792,47,367418
23 Minerais não-metálicos (prod.),2018,12.5403,44,350868
23 Minerais não-metálicos (prod.),2019,8.151,29,355785
24 Metalurgia,2008,13.3079,32,240458
24 Metalurgia,2009,12.9753,28,215795
24 Metalurgia,2010,14.3022,33,230734
24 Metalurgia,2011,14.6484,36,245761
24 Metalurgia,2012,9.068,22,242612
24 Metalurgia,2013,10.8801,26,238968
24 Metalurgia,2014,6.4174,15,233739
24 Metalurgia,2015,11.0319,23,208486
24 Metalurgia,2016,15.9802,30,187732
24 Metalurgia,2017,12.9763,24,184953
24 Metalurgia,2018,5.8654,11,187542
24 Metalurgia,2019,9.2472,18,194654
25 Produtos de metal,2008,11.8099,55,465709
25 Produtos de metal,2009,7.1026,32,450536
25 Produtos de metal,2010,10.0237,48,478863
25 Produtos de metal,2011,11.326,58,512097
25 Produtos de metal,2012,9.6363,50,518869
25 Produtos de metal,2013,10.0454,52,517651
25 Produtos de metal,2014,8.0209,41,511167
25 Produtos de metal,2015,6.6253,33,498090
25 Produtos de metal,2016,6.9067,30,434359
25 Produtos de metal,2017,6.3375,26,410259
25 Produtos de metal,2018,8.648,35,404720
25 Produtos de metal,2019,3.6136,15,415099
26 Informática e eletrônicos,2008,3.2259,5,154995
26 Informática e eletrônicos,2009,2.8478,4,140458
26 Informática e eletrônicos,2010,3.1656,5,157949
26 Informática e eletrônicos,2011,2.3044,4,173585
26 Informática e eletrônicos,2012,3.4856,6,172139
26 Informática e eletrônicos,2013,4.0037,7,174839
26 Informática e eletrônicos,2014,3.4872,6,172057
26 Informática e eletrônicos,2015,3.3566,5,148961
26 Informática e eletrônicos,2016,2.4848,3,120733
26 Informática e eletrônicos,2017,0.8351,1,119746
26 Informática e eletrônicos,2018,2.6206,3,114477
26 Informática e eletrônicos,2019,0.866,1,115470
27 Máquinas e mat. elétricos,2008,4.1088,8,194705
27 Máquinas e mat. elétricos,2009,7.3057,14,191630
27 Máquinas e mat. elétricos,2010,7.5261,16,212593
27 Máquinas e mat. elétricos,2011,5.351,12,224259
27 Máquinas e mat. elétricos,2012,4.825,11,227981
27 Máquinas e mat. elétricos,2013,8.574,20,233262
27 Máquinas e mat. elétricos,2014,7.3243,17,232104
27 Máquinas e mat. elétricos,2015,3.3407,7,209535
27 Máquinas e mat. elétricos,2016,3.8217,7,183164
27 Máquinas e mat. elétricos,2017,3.9644,7,176571
27 Máquinas e mat. elétricos,2018,4.0538,7,172678
27 Máquinas e mat. elétricos,2019,3.8693,7,180911
28 Máquinas e equipamentos,2008,10.4407,37,354384
28 Máquinas e equipamentos,2009,7.5534,25,330975
28 Máquinas e equipamentos,2010,7.942,29,365149
28 Máquinas e equipamentos,2011,7.0076,28,399564
28 Máquinas e equipamentos,2012,7.9887,33,413084
28 Máquinas e equipamentos,2013,8.6821,37,426166
28 Máquinas e equipamentos,2014,7.9147,34,429579
28 Máquinas e equipamentos,2015,6.4696,25,386420
28 Máquinas e equipamentos,2016,5.9277,20,337400
28 Máquinas e equipamentos,2017,6.5148,21,322345
28 Máquinas e equipamentos,2018,5.6349,18,319436
28 Máquinas e equipamentos,2019,5.0673,17,335483
29 Veículos automotores,2008,5.3433,25,467875
29 Veículos automotores,2009,4.4126,19,430590
29 Veículos automotores,2010,6.1364,29,472589
29 Veículos automotores,2011,5.0693,26,512887
29 Veículos automotores,2012,8.2729,44,531860
29 Veículos automotores,2013,5.8247,32,549386
29 Veículos automotores,2014,5.9276,31,522979
29 Veículos automotores,2015,3.9471,18,456035
29 Veículos automotores,2016,5.7781,23,398054
29 Veículos automotores,2017,4.6172,18,389843
29 Veículos automotores,2018,3.1331,13,414923
29 Veículos automotores,2019,5.968,25,418901
30 Outros equip. de transporte,2008,4.8549,4,82392
30 Outros equip. de transporte,2009,9.8441,8,81267
30 Outros equip. de transporte,2010,3.5668,3,84109
30 Outros equip. de transporte,2011,10.6002,10,94338
30 Outros equip. de transporte,2012,6.8876,7,101632
30 Outros equip. de transporte,2013,6.289,7,111306
30 Outros equip. de transporte,2014,2.6175,4,152818
30 Outros equip. de transporte,2015,6.9725,8,114737
30 Outros equip. de transporte,2016,3.395,3,88365
30 Outros equip. de transporte,2017,9.3988,7,74477
30 Outros equip. de transporte,2018,1.4755,1,67775
30 Outros equip. de transporte,2019,7.7953,5,64141
31 Móveis,2008,6.1623,14,227188
31 Móveis,2009,9.3085,21,225600
31 Móveis,2010,9.2843,23,247729
31 Móveis,2011,6.7898,18,265102
31 Móveis,2012,6.3674,18,282692
31 Móveis,2013,5.8226,17,291964
31 Móveis,2014,4.7856,14,292544
31 Móveis,2015,3.3026,9,272516
31 Móveis,2016,3.3106,8,241644
31 Móveis,2017,3.8939,9,231132
31 Móveis,2018,5.2178,12,229981
31 Móveis,2019,3.43,8,233239
32 Produtos diversos,2008,2.458,3,122048
32 Produtos diversos,2009,4.8313,6,124189
32 Produtos diversos,2010,4.228,6,141910
32 Produtos diversos,2011,3.9277,6,152762
32 Produtos diversos,2012,1.8343,3,163553
32 Produtos diversos,2013,6.5368,11,168279
32 Produtos diversos,2014,8.8689,16,180405
32 Produtos diversos,2015,6.164,10,162233
32 Produtos diversos,2016,5.2551,8,152234
32 Produtos diversos,2017,5.3797,8,148707
32 Produtos diversos,2018,2.6258,4,152335
32 Produtos diversos,2019,1.2725,2,157167
33 Manutenção de máquinas,2008,15.1051,15,99305
33 Manutenção de máquinas,2009,9.9195,10,100811
33 Manutenção de máquinas,2010,11.8827,15,126233
33 Manutenção de máquinas,2011,6.8155,10,146725
33 Manutenção de máquinas,2012,17.3597,29,167054
33 Manutenção de máquinas,2013,13.1363,23,175088
33 Manutenção de máquinas,2014,9.7087,18,185402
33 Manutenção de máquinas,2015,9.8192,18,183314
33 Manutenção de máquinas,2016,5.2658,9,170915
33 Manutenção de máquinas,2017,10.2121,17,166470
33 Manutenção de máquinas,2018,5.7072,10,175216
33 Manutenção de máquinas,2019,7.3964,14,189282
35 Eletricidade e gás,2008,22.5364,26,115369
35 Eletricidade e gás,2009,11.0578,13,117564
35 Eletricidade e gás,2010,13.1418,15,114140
35 Eletricidade e gás,2011,27.2583,32,117396
35 Eletricidade e gás,2012,9.8325,12,122045
35 Eletricidade e gás,2013,22.5065,27,119965
35 Eletricidade e gás,2014,21.4461,19,88594
35 Eletricidade e gás,2015,20.9515,27,128869
35 Eletricidade e gás,2016,12.2646,16,130457
35 Eletricidade e gás,2017,15.5729,20,128428
35 Eletricidade e gás,2018,12.8164,16,124840
35 Eletricidade e gás,2019,8.1909,10,122086
36 Água,2008,12.9956,13,100034
36 Água,2009,14.9476,15,100351
36 Água,2010,13.8189,14,101311
36 Água,2011,11.5074,12,104280
36 Água,2012,12.9404,14,108188
36 Água,2013,9.0712,10,110239
36 Água,2014,16.1636,18,111362
36 Água,2015,9.7453,11,112875
36 Água,2016,8.7886,10,113784
36 Água,2017,6.1873,7,113134
36 Água,2018,12.3066,14,113760
36 Água,2019,15.0144,17,113225
38 Resíduos,2008,10.5325,13,123428
38 Resíduos,2009,15.8478,20,126200
38 Resíduos,2010,19.322,29,150088
38 Resíduos,2011,20.6558,34,164602
38 Resíduos,2012,14.4877,27,186365
38 Resíduos,2013,16.3842,32,195310
38 Resíduos,2014,17.1783,36,209566
38 Resíduos,2015,14.4768,29,200320
38 Resíduos,2016,9.4702,18,190070
38 Resíduos,2017,13.665,25,182950
38 Resíduos,2018,16.3069,30,183971
38 Resíduos,2019,16.2,33,203703
45 Comércio de veículos,2008,8.8554,70,790476
45 Comércio de veículos,2009,7.4719,61,816392
45 Comércio de veículos,2010,5.4426,48,881931
45 Comércio de veículos,2011,5.3022,51,961857
45 Comércio de veículos,2012,4.3948,44,1001188
45 Comércio de veículos,2013,5.5972,57,1018359
45 Comércio de veículos,2014,5.1323,53,1032685
45 Comércio de veículos,2015,4.91,49,997965
45 Comércio de veículos,2016,4.8089,45,935766
45 Comércio de veículos,2017,4.7097,43,913005
45 Comércio de veículos,2018,7.3341,66,899902
45 Comércio de veículos,2019,3.6297,34,936720
46 Comércio atacadista,2008,11.7429,141,1200723
46 Comércio atacadista,2009,9.7878,122,1246454
46 Comércio atacadista,2010,11.9662,159,1328747
46 Comércio atacadista,2011,8.5235,123,1443073
46 Comércio atacadista,2012,8.136,126,1548682
46 Comércio atacadista,2013,8.6436,139,1608134
46 Comércio atacadista,2014,8.5536,143,1671815
46 Comércio atacadista,2015,7.7394,128,1653876
46 Comércio atacadista,2016,6.7723,110,1624254
46 Comércio atacadista,2017,6.1405,98,1595958
46 Comércio atacadista,2018,7.0011,113,1614022
46 Comércio atacadista,2019,5.8556,98,1673602
47 Comércio varejista,2008,5.0477,250,4952756
47 Comércio varejista,2009,4.6895,246,5245811
47 Comércio varejista,2010,4.4507,247,5549641
47 Comércio varejista,2011,4.3345,260,5998333
47 Comércio varejista,2012,3.271,205,6267212
47 Comércio varejista,2013,3.2975,215,6520100
47 Comércio varejista,2014,3.7454,254,6781582
47 Comércio varejista,2015,3.3145,223,6727919
47 Comércio varejista,2016,3.3114,214,6462507
47 Comércio varejista,2017,3.1602,201,6360388
47 Comércio varejista,2018,2.9594,186,6284962
47 Comércio varejista,2019,2.8224,181,6413026
49 Transporte terrestre,2008,30.2053,377,1248124
49 Transporte terrestre,2009,25.0072,323,1291628
49 Transporte terrestre,2010,24.1123,342,1418365
49 Transporte terrestre,2011,27.3152,419,1533942
49 Transporte terrestre,2012,22.574,380,1683355
49 Transporte terrestre,2013,20.0853,349,1737591
49 Transporte terrestre,2014,20.8645,378,1811691
49 Transporte terrestre,2015,20.801,369,1773953
49 Transporte terrestre,2016,19.0524,320,1679576
49 Transporte terrestre,2017,18.1522,294,1619634
49 Transporte terrestre,2018,17.6156,282,1600858
49 Transporte terrestre,2019,17.2308,288,1671424
51 Transporte aéreo,2008,9.4534,5,52891
51 Transporte aéreo,2009,3.5385,2,56521
51 Transporte aéreo,2010,5.0498,3,59409
51 Transporte aéreo,2011,13.7306,9,65547
51 Transporte aéreo,2012,5.9305,4,67448
51 Transporte aéreo,2013,9.1431,6,65623
51 Transporte aéreo,2014,0.0,0,67081
51 Transporte aéreo,2015,7.5782,5,65979
51 Transporte aéreo,2016,6.5735,4,60850
51 Transporte aéreo,2017,11.999,7,58338
51 Transporte aéreo,2018,8.4695,5,59035
51 Transporte aéreo,2019,7.2184,4,55414
52 Armazenagem e aux. transporte,2008,11.9122,33,277026
52 Armazenagem e aux. transporte,2009,11.3274,34,300158
52 Armazenagem e aux. transporte,2010,13.5726,46,338917
52 Armazenagem e aux. transporte,2011,13.0053,50,384458
52 Armazenagem e aux. transporte,2012,11.6684,48,411366
52 Armazenagem e aux. transporte,2013,14.3001,61,426570
52 Armazenagem e aux. transporte,2014,11.5163,49,425482
52 Armazenagem e aux. transporte,2015,10.7833,46,426587
52 Armazenagem e aux. transporte,2016,11.3603,46,404918
52 Armazenagem e aux. transporte,2017,10.0399,40,398409
52 Armazenagem e aux. transporte,2018,8.9034,36,404338
52 Armazenagem e aux. transporte,2019,10.1781,43,422478
53 Correio e entregas,2008,9.5486,15,157090
53 Correio e entregas,2009,10.1538,16,157576
53 Correio e entregas,2010,16.9556,27,159239
53 Correio e entregas,2011,9.4056,16,170111
53 Correio e entregas,2012,9.4778,17,179366
53 Correio e entregas,2013,9.7038,18,185495
53 Correio e entregas,2014,12.8377,24,186950
53 Correio e entregas,2015,7.8635,14,178038
53 Correio e entregas,2016,6.9679,12,172218
53 Correio e entregas,2017,3.6785,6,163110
53 Correio e entregas,2018,5.1262,8,156062
53 Correio e entregas,2019,8.4576,13,153707
55 Alojamento,2008,2.3729,6,252852
55 Alojamento,2009,3.7807,10,264500
55 Alojamento,2010,2.5168,7,278131
55 Alojamento,2011,2.3352,7,299761
55 Alojamento,2012,1.8791,6,319301
55 Alojamento,2013,3.2955,11,333791
55 Alojamento,2014,1.986,7,352467
55 Alojamento,2015,3.9666,14,352949
55 Alojamento,2016,2.6533,9,339197
55 Alojamento,2017,3.3216,11,331170
55 Alojamento,2018,2.7587,9,326244
55 Alojamento,2019,2.6594,9,338422
56 Alimentação (serviços),2008,4.3662,43,984846
56 Alimentação (serviços),2009,2.6399,28,1060640
56 Alimentação (serviços),2010,2.6596,31,1165571
56 Alimentação (serviços),2011,2.9654,38,1281449
56 Alimentação (serviços),2012,2.8779,40,1389916
56 Alimentação (serviços),2013,2.4542,36,1466854
56 Alimentação (serviços),2014,2.3342,37,1585154
56 Alimentação (serviços),2015,1.7562,28,1594337
56 Alimentação (serviços),2016,2.2818,35,1533898
56 Alimentação (serviços),2017,2.8161,43,1526929
56 Alimentação (serviços),2018,2.5641,39,1521002
56 Alimentação (serviços),2019,3.6756,58,1577966
58 Edição,2008,7.0685,8,113179
58 Edição,2009,5.3171,6,112843
58 Edição,2010,0.8872,1,112709
58 Edição,2011,6.1056,7,114648
58 Edição,2012,4.406,5,113482
58 Edição,2013,3.6893,4,108421
58 Edição,2014,1.0917,1,91601
58 Edição,2015,2.1286,2,93958
58 Edição,2016,3.6649,3,81857
58 Edição,2017,5.3995,4,74081
58 Edição,2018,1.4313,1,69867
58 Edição,2019,4.5933,3,65312
60 Rádio e TV,2008,4.8949,4,81717
60 Rádio e TV,2009,0.0,0,84037
60 Rádio e TV,2010,3.4054,3,88094
60 Rádio e TV,2011,3.2604,3,92012
60 Rádio e TV,2012,4.1856,4,95566
60 Rádio e TV,2013,2.0813,2,96093
60 Rádio e TV,2014,4.1119,4,97279
60 Rádio e TV,2015,3.1749,3,94492
60 Rádio e TV,2016,12.0482,11,91300
60 Rádio e TV,2017,3.414,3,87873
60 Rádio e TV,2018,1.1571,1,86423
60 Rádio e TV,2019,1.1903,1,84013
61 Telecomunicações,2008,4.4795,6,133943
61 Telecomunicações,2009,4.2888,6,139899
61 Telecomunicações,2010,6.5838,10,151888
61 Telecomunicações,2011,8.705,15,172316
61 Telecomunicações,2012,6.98,14,200573
61 Telecomunicações,2013,5.5735,11,197364
61 Telecomunicações,2014,6.6989,13,194063
61 Telecomunicações,2015,3.1317,6,191591
61 Telecomunicações,2016,3.1999,6,187508
61 Telecomunicações,2017,6.677,13,194698
61 Telecomunicações,2018,9.6212,19,197481
61 Telecomunicações,2019,5.4408,12,220555
62 TI (serviços),2008,1.9276,4,207509
62 TI (serviços),2009,2.1982,5,227459
62 TI (serviços),2010,1.147,3,261542
62 TI (serviços),2011,1.7301,5,289007
62 TI (serviços),2012,1.9116,6,313872
62 TI (serviços),2013,1.1792,4,339206
62 TI (serviços),2014,3.9692,12,302325
62 TI (serviços),2015,1.4087,5,354937
62 TI (serviços),2016,2.0133,7,347694
62 TI (serviços),2017,0.87,3,344814
62 TI (serviços),2018,1.5772,6,380432
62 TI (serviços),2019,0.9466,4,422560
63 Serviços de informação,2008,7.1129,4,56235
63 Serviços de informação,2009,1.6903,1,59160
63 Serviços de informação,2010,3.1073,2,64364
63 Serviços de informação,2011,4.2636,3,70363
63 Serviços de informação,2012,4.0388,3,74279
63 Serviços de informação,2013,5.093,4,78539
63 Serviços de informação,2014,0.0,0,100220
63 Serviços de informação,2015,2.3378,2,85550
63 Serviços de informação,2016,2.4741,2,80838
63 Serviços de informação,2017,3.7478,3,80046
63 Serviços de informação,2018,4.807,4,83212
63 Serviços de informação,2019,2.2862,2,87483
64 Serviços financeiros,2008,2.3944,13,542931
64 Serviços financeiros,2009,2.9745,16,537913
64 Serviços financeiros,2010,1.6426,9,547909
64 Serviços financeiros,2011,4.7145,27,572702
64 Serviços financeiros,2012,3.6223,21,579740
64 Serviços financeiros,2013,3.6174,21,580526
64 Serviços financeiros,2014,2.6662,17,637604
64 Serviços financeiros,2015,3.763,24,637797
64 Serviços financeiros,2016,2.5378,16,630466
64 Serviços financeiros,2017,2.4738,15,606359
64 Serviços financeiros,2018,3.1962,19,594456
64 Serviços financeiros,2019,1.6164,10,618677
65 Seguros e previdência,2008,1.893,2,105654
65 Seguros e previdência,2009,0.9006,1,111038
65 Seguros e previdência,2010,3.3768,4,118455
65 Seguros e previdência,2011,0.0,0,129017
65 Seguros e previdência,2012,1.4095,2,141894
65 Seguros e previdência,2013,1.3707,2,145906
65 Seguros e previdência,2014,2.6466,4,151140
65 Seguros e previdência,2015,1.2911,2,154906
65 Seguros e previdência,2016,0.0,0,154048
65 Seguros e previdência,2017,0.6372,1,156928
65 Seguros e previdência,2018,0.6139,1,162891
65 Seguros e previdência,2019,0.0,0,170108
66 Aux. financeiros,2008,0.0,0,78454
66 Aux. financeiros,2009,2.6598,2,75193
66 Aux. financeiros,2010,4.778,4,83717
66 Aux. financeiros,2011,1.1064,1,90384
66 Aux. financeiros,2012,3.233,3,92794
66 Aux. financeiros,2013,1.0511,1,95136
66 Aux. financeiros,2014,0.9841,1,101613
66 Aux. financeiros,2015,0.0,0,104343
66 Aux. financeiros,2016,2.8119,3,106688
66 Aux. financeiros,2017,0.0,0,110125
66 Aux. financeiros,2018,1.6783,2,119167
66 Aux. financeiros,2019,1.4399,2,138894
68 Imobiliárias,2008,7.5031,6,79967
68 Imobiliárias,2009,8.4183,7,83152
68 Imobiliárias,2010,4.2304,4,94553
68 Imobiliárias,2011,5.8085,6,103297
68 Imobiliárias,2012,4.987,6,120314
68 Imobiliárias,2013,8.7593,11,125580
68 Imobiliárias,2014,11.607,17,146464
68 Imobiliárias,2015,5.134,8,155824
68 Imobiliárias,2016,5.8709,9,153299
68 Imobiliárias,2017,7.4539,11,147574
68 Imobiliárias,2018,2.5371,4,157660
68 Imobiliárias,2019,5.9908,10,166923
69 Jurídicas e contábeis,2008,3.0073,6,199516
69 Jurídicas e contábeis,2009,2.4809,6,241844
69 Jurídicas e contábeis,2010,1.004,3,298801
69 Jurídicas e contábeis,2011,1.4703,5,340066
69 Jurídicas e contábeis,2012,1.8348,7,381510
69 Jurídicas e contábeis,2013,0.7365,3,407305
69 Jurídicas e contábeis,2014,1.7036,7,410886
69 Jurídicas e contábeis,2015,1.5622,7,448072
69 Jurídicas e contábeis,2016,1.5636,7,447691
69 Jurídicas e contábeis,2017,1.1244,5,444696
69 Jurídicas e contábeis,2018,0.8705,4,459517
69 Jurídicas e contábeis,2019,1.0605,5,471455
70 Consultoria empresarial,2008,3.4842,3,86102
70 Consultoria empresarial,2009,4.5578,4,87762
70 Consultoria empresarial,2010,1.042,1,95969
70 Consultoria empresarial,2011,1.9785,2,101088
70 Consultoria empresarial,2012,2.8367,3,105756
70 Consultoria empresarial,2013,0.965,1,103631
70 Consultoria empresarial,2014,5.4943,6,109204
70 Consultoria empresarial,2015,1.808,2,110621
70 Consultoria empresarial,2016,0.0,0,101184
70 Consultoria empresarial,2017,1.0086,1,99150
70 Consultoria empresarial,2018,1.7637,2,113400
70 Consultoria empresarial,2019,0.8712,1,114787
71 Arquitetura e engenharia,2008,12.8294,25,194864
71 Arquitetura e engenharia,2009,15.7012,34,216544
71 Arquitetura e engenharia,2010,9.5054,24,252488
71 Arquitetura e engenharia,2011,11.7555,32,272213
71 Arquitetura e engenharia,2012,13.8116,40,289611
71 Arquitetura e engenharia,2013,13.849,40,288829
71 Arquitetura e engenharia,2014,9.098,29,318753
71 Arquitetura e engenharia,2015,10.8587,31,285486
71 Arquitetura e engenharia,2016,7.9976,20,250076
71 Arquitetura e engenharia,2017,10.2996,24,233019
71 Arquitetura e engenharia,2018,9.9286,24,241727
71 Arquitetura e engenharia,2019,10.3676,27,260427
73 Publicidade,2008,7.9931,5,62554
73 Publicidade,2009,1.4484,1,69042
73 Publicidade,2010,2.7208,2,73508
73 Publicidade,2011,3.5993,3,83349
73 Publicidade,2012,2.2203,2,90078
73 Publicidade,2013,2.1712,2,92114
73 Publicidade,2014,1.0247,1,97591
73 Publicidade,2015,3.0547,3,98208
73 Publicidade,2016,1.0075,1,99258
73 Publicidade,2017,2.0244,2,98792
73 Publicidade,2018,3.657,4,109379
73 Publicidade,2019,0.814,1,122852
74 Outras profissionais,2008,3.2245,2,62024
74 Outras profissionais,2009,0.0,0,57459
74 Outras profissionais,2010,2.4424,2,81885
74 Outras profissionais,2011,7.6365,7,91665
74 Outras profissionais,2012,2.7974,3,107241
74 Outras profissionais,2013,4.8903,5,102243
74 Outras profissionais,2014,3.9886,4,100285
74 Outras profissionais,2015,4.1984,4,95275
74 Outras profissionais,2016,3.2765,3,91560
74 Outras profissionais,2017,1.1238,1,88981
74 Outras profissionais,2018,3.1097,3,96473
74 Outras profissionais,2019,5.4444,6,110204
77 Aluguéis não-imob.,2008,18.301,26,142069
77 Aluguéis não-imob.,2009,12.1292,18,148402
77 Aluguéis não-imob.,2010,10.4929,19,181074
77 Aluguéis não-imob.,2011,10.6918,22,205765
77 Aluguéis não-imob.,2012,12.3922,28,225948
77 Aluguéis não-imob.,2013,12.4798,29,232376
77 Aluguéis não-imob.,2014,9.9823,24,240426
77 Aluguéis não-imob.,2015,8.508,20,235074
77 Aluguéis não-imob.,2016,5.9899,13,217031
77 Aluguéis não-imob.,2017,7.3174,15,204990
77 Aluguéis não-imob.,2018,9.5977,20,208382
77 Aluguéis não-imob.,2019,8.7057,19,218247
78 Agenciamento de mão de obra,2008,4.7907,26,542721
78 Agenciamento de mão de obra,2009,3.3456,17,508123
78 Agenciamento de mão de obra,2010,3.1931,19,595029
78 Agenciamento de mão de obra,2011,2.6282,16,608782
78 Agenciamento de mão de obra,2012,3.8469,25,649880
78 Agenciamento de mão de obra,2013,2.7746,18,648748
78 Agenciamento de mão de obra,2014,3.2907,21,638157
78 Agenciamento de mão de obra,2015,2.5742,15,582710
78 Agenciamento de mão de obra,2016,2.8069,15,534400
78 Agenciamento de mão de obra,2017,2.3182,12,517635
78 Agenciamento de mão de obra,2018,2.1168,12,566899
78 Agenciamento de mão de obra,2019,2.3515,15,637892
79 Agências de viagens,2008,5.4256,3,55294
79 Agências de viagens,2009,1.6942,1,59023
79 Agências de viagens,2010,0.0,0,63915
79 Agências de viagens,2011,5.5841,4,71632
79 Agências de viagens,2012,3.9248,3,76436
79 Agências de viagens,2013,1.2985,1,77013
79 Agências de viagens,2014,0.0,0,78344
79 Agências de viagens,2015,1.3115,1,76248
79 Agências de viagens,2016,5.6933,4,70258
79 Agências de viagens,2017,0.0,0,67998
79 Agências de viagens,2018,4.3385,3,69149
79 Agências de viagens,2019,1.4151,1,70666
80 Vigilância e segurança,2008,13.7911,58,420561
80 Vigilância e segurança,2009,9.1209,41,449517
80 Vigilância e segurança,2010,11.2336,56,498503
80 Vigilância e segurança,2011,8.8725,49,552270
80 Vigilância e segurança,2012,9.5826,60,626137
80 Vigilância e segurança,2013,8.6581,57,658344
80 Vigilância e segurança,2014,10.339,67,648032
80 Vigilância e segurança,2015,11.91,79,663306
80 Vigilância e segurança,2016,9.261,58,626280
80 Vigilância e segurança,2017,6.3887,38,594797
80 Vigilância e segurança,2018,9.1132,53,581571
80 Vigilância e segurança,2019,4.4952,27,600635
81 Serviços p/ edifícios,2008,4.6744,46,984081
81 Serviços p/ edifícios,2009,3.7541,39,1038860
81 Serviços p/ edifícios,2010,3.5244,41,1163317
81 Serviços p/ edifícios,2011,3.4439,43,1248600
81 Serviços p/ edifícios,2012,2.9634,40,1349800
81 Serviços p/ edifícios,2013,3.2951,46,1396004
81 Serviços p/ edifícios,2014,2.9774,44,1477791
81 Serviços p/ edifícios,2015,3.6956,56,1515326
81 Serviços p/ edifícios,2016,3.1484,47,1492822
81 Serviços p/ edifícios,2017,3.3342,49,1469621
81 Serviços p/ edifícios,2018,2.9709,44,1481050
81 Serviços p/ edifícios,2019,2.7736,42,1514254
82 Serviços de escritório,2008,4.4504,39,876325
82 Serviços de escritório,2009,3.8837,36,926945
82 Serviços de escritório,2010,3.2626,33,1011466
82 Serviços de escritório,2011,3.3764,38,1125449
82 Serviços de escritório,2012,2.6226,33,1258293
82 Serviços de escritório,2013,3.5161,46,1308269
82 Serviços de escritório,2014,2.7972,39,1394259
82 Serviços de escritório,2015,2.3405,32,1367225
82 Serviços de escritório,2016,2.1297,28,1314766
82 Serviços de escritório,2017,2.6013,34,1307050
82 Serviços de escritório,2018,1.9664,27,1373049
82 Serviços de escritório,2019,3.0635,44,1436271
84 Administração pública,2008,1.5158,49,3232593
84 Administração pública,2009,1.6248,53,3261864
84 Administração pública,2010,1.7007,59,3469164
84 Administração pública,2011,1.567,53,3382176
84 Administração pública,2012,1.2156,46,3783992
84 Administração pública,2013,1.5507,56,3611388
84 Administração pública,2014,1.1953,45,3764891
84 Administração pública,2015,1.3035,47,3605626
84 Administração pública,2016,1.0145,38,3745627
84 Administração pública,2017,1.6137,58,3594271
84 Administração pública,2018,1.2337,44,3566535
84 Administração pública,2019,1.2773,46,3601385
85 Educação,2008,1.2232,14,1144502
85 Educação,2009,1.2436,15,1206165
85 Educação,2010,1.4818,20,1349707
85 Educação,2011,1.6022,23,1435497
85 Educação,2012,1.456,23,1579724
85 Educação,2013,1.5543,26,1672824
85 Educação,2014,1.3327,24,1800802
85 Educação,2015,0.8459,16,1891550
85 Educação,2016,0.8925,17,1904827
85 Educação,2017,1.2217,23,1882548
85 Educação,2018,1.1611,23,1980930
85 Educação,2019,0.7807,16,2049449
86 Saúde humana,2008,2.2156,25,1128355
86 Saúde humana,2009,1.392,17,1221237
86 Saúde humana,2010,1.8513,25,1350435
86 Saúde humana,2011,1.3765,20,1452976
86 Saúde humana,2012,1.5045,24,1595172
86 Saúde humana,2013,1.4332,24,1674544
86 Saúde humana,2014,1.6508,29,1756768
86 Saúde humana,2015,1.4454,27,1867985
86 Saúde humana,2016,1.8954,36,1899357
86 Saúde humana,2017,1.599,31,1938682
86 Saúde humana,2018,1.3798,28,2029328
86 Saúde humana,2019,1.0686,23,2152254
87 Assistência social (aloj.),2008,3.6926,3,81244
87 Assistência social (aloj.),2009,3.5585,3,84306
87 Assistência social (aloj.),2010,1.2848,1,77835
87 Assistência social (aloj.),2011,1.236,1,80907
87 Assistência social (aloj.),2012,2.2969,2,87074
87 Assistência social (aloj.),2013,2.1591,2,92633
87 Assistência social (aloj.),2014,2.0152,2,99246
87 Assistência social (aloj.),2015,0.0,0,103289
87 Assistência social (aloj.),2016,3.7488,4,106702
87 Assistência social (aloj.),2017,2.6529,3,113082
87 Assistência social (aloj.),2018,1.6832,2,118819
87 Assistência social (aloj.),2019,1.5686,2,127499
88 Assistência social,2008,2.4648,2,81144
88 Assistência social,2009,1.2255,1,81600
88 Assistência social,2010,4.3243,4,92502
88 Assistência social,2011,3.9971,4,100073
88 Assistência social,2012,0.7636,1,130963
88 Assistência social,2013,1.4399,2,138895
88 Assistência social,2014,0.6837,1,146258
88 Assistência social,2015,1.983,3,151288
88 Assistência social,2016,0.0,0,147316
88 Assistência social,2017,3.4061,5,146794
88 Assistência social,2018,0.643,1,155530
88 Assistência social,2019,1.2563,2,159194
93 Esporte e recreação,2008,4.1113,6,145940
93 Esporte e recreação,2009,3.9284,6,152732
93 Esporte e recreação,2010,3.0441,5,164250
93 Esporte e recreação,2011,2.2607,4,176939
93 Esporte e recreação,2012,3.6047,7,194189
93 Esporte e recreação,2013,1.4618,3,205225
93 Esporte e recreação,2014,2.7114,6,221286
93 Esporte e recreação,2015,3.9119,9,230065
93 Esporte e recreação,2016,16.4742,38,230663
93 Esporte e recreação,2017,3.5389,8,226059
93 Esporte e recreação,2018,2.1976,5,227521
93 Esporte e recreação,2019,3.3919,8,235854
94 Org. associativas,2008,3.4437,27,784049
94 Org. associativas,2009,2.7477,22,800666
94 Org. associativas,2010,3.6039,28,776944
94 Org. associativas,2011,3.3111,26,785240
94 Org. associativas,2012,3.5204,27,766950
94 Org. associativas,2013,1.8325,14,763984
94 Org. associativas,2014,2.2986,17,739596
94 Org. associativas,2015,2.1885,16,731088
94 Org. associativas,2016,2.4221,17,701873
94 Org. associativas,2017,2.4941,17,681596
94 Org. associativas,2018,2.8115,19,675799
94 Org. associativas,2019,2.0877,14,670579
95 Reparação de bens pessoais,2008,10.1441,9,88722
95 Reparação de bens pessoais,2009,3.2802,3,91457
95 Reparação de bens pessoais,2010,4.1412,4,96590
95 Reparação de bens pessoais,2011,7.9059,9,113839
95 Reparação de bens pessoais,2012,7.105,8,112597
95 Reparação de bens pessoais,2013,6.4011,7,109355
95 Reparação de bens pessoais,2014,7.294,8,109679
95 Reparação de bens pessoais,2015,5.163,5,96842
95 Reparação de bens pessoais,2016,4.3899,4,91118
95 Reparação de bens pessoais,2017,1.1662,1,85747
95 Reparação de bens pessoais,2018,3.6408,3,82399
95 Reparação de bens pessoais,2019,6.2518,5,79978
96 Serviços pessoais,2008,5.1889,8,154177
96 Serviços pessoais,2009,4.1888,7,167112
96 Serviços pessoais,2010,3.2734,6,183295
96 Serviços pessoais,2011,0.9783,2,204443
96 Serviços pessoais,2012,2.7188,6,220685
96 Serviços pessoais,2013,1.7178,4,232858
96 Serviços pessoais,2014,2.3053,5,216890
96 Serviços pessoais,2015,2.3896,6,251092
96 Serviços pessoais,2016,1.2586,3,238362
96 Serviços pessoais,2017,3.8647,9,232880
96 Serviços pessoais,2018,2.3326,5,214354
96 Serviços pessoais,2019,0.462,1,216444
Construção,2008,19.7643,384,1942899
Construção,2009,18.5779,395,2126177
Construção,2010,17.4825,456,2608320
Construção,2011,16.1914,471,2908947
Construção,2012,13.9748,456,3263025
Construção,2013,13.5403,451,3330802
Construção,2014,14.74,453,3073275
Construção,2015,11.7534,333,2833228
Construção,2016,12.28,284,2312710
Construção,2017,11.5302,227,1968748
Construção,2018,14.0918,266,1887622
Construção,2019,11.7054,214,1828222
